{
  "results": {
    "0.0": {
      "P@5": 0.728,
      "R@5": 0.182,
      "F1@5": 0.2912,
      "P@10": 0.636,
      "R@10": 0.318,
      "F1@10": 0.42400000000000004,
      "P@20": 0.521,
      "R@20": 0.521,
      "F1@20": 0.521,
      "P@50": 0.30339999999999995,
      "R@50": 0.7585000000000001,
      "F1@50": 0.4334285714285715
    },
    "0.3": {
      "P@5": 0.894,
      "R@5": 0.2235,
      "F1@5": 0.3575999999999999,
      "P@10": 0.8490000000000001,
      "R@10": 0.42450000000000004,
      "F1@10": 0.566,
      "P@20": 0.711,
      "R@20": 0.711,
      "F1@20": 0.711,
      "P@50": 0.36099999999999993,
      "R@50": 0.9025,
      "F1@50": 0.5157142857142856
    },
    "0.5": {
      "P@5": 0.956,
      "R@5": 0.239,
      "F1@5": 0.38239999999999996,
      "P@10": 0.9430000000000001,
      "R@10": 0.47150000000000003,
      "F1@10": 0.6286666666666666,
      "P@20": 0.9315000000000001,
      "R@20": 0.9315000000000001,
      "F1@20": 0.9315000000000001,
      "P@50": 0.37599999999999995,
      "R@50": 0.94,
      "F1@50": 0.537142857142857
    },
    "0.7": {
      "P@5": 0.8699999999999999,
      "R@5": 0.21749999999999997,
      "F1@5": 0.348,
      "P@10": 0.791,
      "R@10": 0.3955,
      "F1@10": 0.5273333333333333,
      "P@20": 0.626,
      "R@20": 0.626,
      "F1@20": 0.626,
      "P@50": 0.336,
      "R@50": 0.8400000000000002,
      "F1@50": 0.4800000000000001
    },
    "1.0": {
      "P@5": 0.20799999999999996,
      "R@5": 0.05199999999999999,
      "F1@5": 0.0832,
      "P@10": 0.166,
      "R@10": 0.083,
      "F1@10": 0.11066666666666668,
      "P@20": 0.1215,
      "R@20": 0.1215,
      "F1@20": 0.12150000000000002,
      "P@50": 0.0774,
      "R@50": 0.1935,
      "F1@50": 0.11057142857142857
    }
  },
  "best_results": {
    "P@10": {
      "alpha": 0.5,
      "score": 0.9430000000000001
    },
    "R@10": {
      "alpha": 0.5,
      "score": 0.47150000000000003
    },
    "F1@10": {
      "alpha": 0.5,
      "score": 0.6286666666666666
    }
  },
  "alpha_values": [
    0.0,
    0.3,
    0.5,
    0.7,
    1.0
  ],
  "k_values": [
    5,
    10,
    20,
    50
  ]
}